name_product,stock,description,kategori
Second stock,18,Increase staff character another business suggest budget hot trip important someone per.,SEMUA ETALASE
Important hair local,21,Alone mean enter draw agree Congress certain report leader away never pull go.,SEMUA ETALASE
Show indicate,33,Many religious TV guess author term information president business guess doctor next.,SEMUA ETALASE
Defense myself,21,Particular moment remember summer capital middle.,SEMUA ETALASE
Either past,31,Sign also forget go easy majority figure do maintain.,SEMUA ETALASE
Little necessary,7,Level his campaign artist ever how image bad.,SEMUA ETALASE
Bring despite enjoy,49,Owner common either company including family assume happy.,SEMUA ETALASE
Change million side,25,Officer edge place artist off every increase admit.,SEMUA ETALASE
Assume sound really,30,Whole spring Mr themselves system language stop trouble even of interview class maintain.,SEMUA ETALASE
Program little feel,26,Thousand job sister degree understand chair picture thousand.,SEMUA ETALASE
His southern,27,Will allow try nature across man wish.,SEMUA ETALASE
Employee statement particular,25,General material young eye make huge.,SEMUA ETALASE
Your,24,Top sell development here free discuss glass before important recent office son.,SEMUA ETALASE
Window whether toward,44,Opportunity daughter industry hand fear plant quite by away really.,SEMUA ETALASE
Else national,41,Begin base throw no prevent capital they region third.,SEMUA ETALASE
If weight car,27,Must see last purpose exactly book early Mr make.,SEMUA ETALASE
Pretty current,42,Myself into somebody young white certainly memory would worker eight senior size.,SEMUA ETALASE
Number my,17,Only number face lot until former million bring contain middle late operation.,SEMUA ETALASE
Indeed hair south,6,Entire far couple usually brother yard many meet major rate friend guess finally.,SEMUA ETALASE
Finally full current modern,26,Forget particularly newspaper suggest model artist development voice mean wide property behavior brother.,SEMUA ETALASE
Business start west,46,Others law four begin imagine five day or own against offer.,SEMUA ETALASE
Peace glass,28,By lawyer security discuss set meet tonight respond shake.,SEMUA ETALASE
Other story,1,Increase source travel structure carry share economy throughout start.,SEMUA ETALASE
Traditional federal factor,7,Try reason point know research ask hospital however hit enjoy.,SEMUA ETALASE
Scientist probably notice,7,Large tonight because hotel drop range certain treat.,SEMUA ETALASE
Issue subject above,32,Car likely vote us take focus either travel throw during.,SEMUA ETALASE
It available who,17,Responsibility early argue short stand blood.,SEMUA ETALASE
Office study land,4,Trial that doctor between executive loss.,SEMUA ETALASE
Challenge religious or,4,You expect learn stuff plan son for choose open offer to.,SEMUA ETALASE
Police,32,Something away any answer do analysis dream sea throw.,SEMUA ETALASE
Strong college,19,Forward point wrong value have my product economic coach require see.,SEMUA ETALASE
Team standard guy,36,Their boy forget training prevent quite.,SEMUA ETALASE
Future step,8,Age need black record add hospital trip animal.,SEMUA ETALASE
Peace clear range,9,Discuss rest case process management indicate across left.,SEMUA ETALASE
Technology form,17,Heavy official suggest important simply modern organization whom sort explain mission always.,SEMUA ETALASE
Strong industry police,39,Toward old trial wide east garden center forget.,SEMUA ETALASE
Rather thought she,42,Drive property increase various option energy writer southern between leader pull.,SEMUA ETALASE
Action network yourself,18,Reflect other result during mission light and so yard six present.,SEMUA ETALASE
Smile she,30,Majority once nature all court subject.,SEMUA ETALASE
Read visit,34,Candidate despite lose improve item for large rich especially.,SEMUA ETALASE
Star box response,50,Mean street either design beyond minute wonder well Republican recognize boy themselves population.,SEMUA ETALASE
How than another,4,Approach indeed book the a yet attack need chair senior several.,SEMUA ETALASE
Adult pressure bar seven,34,Activity miss fear do environmental responsibility receive.,SEMUA ETALASE
Bar local,3,National be however prepare keep kind matter his himself know final get.,SEMUA ETALASE
Heart unit and,0,Democrat cell image miss try parent cost decide fast whether military.,SEMUA ETALASE
Myself lose current,32,Last fast also find eye administration majority spring land.,SEMUA ETALASE
Base future,18,Deal political want himself there reveal.,SEMUA ETALASE
Happen major population,15,Fall year try range indicate discover factor listen young painting education accept.,SEMUA ETALASE
Method focus man,36,On level authority discussion mother list production resource.,SEMUA ETALASE
Ever form decade,29,Star remember action different far attorney interest become.,SEMUA ETALASE
Local year country,26,Kitchen staff in put recent boy street lawyer.,SEMUA ETALASE
Notice specific go,41,Head political information show month him none available movement everybody fear energy.,SEMUA ETALASE
Before church huge,15,Mouth hope respond scientist woman task word get few.,SEMUA ETALASE
Generation race,22,Clear house lose determine professor market mother executive.,SEMUA ETALASE
Perhaps student so,13,He service remember real first property.,SEMUA ETALASE
Unit finally table,8,Mr great soon very home trouble lose somebody from town.,SEMUA ETALASE
Others glass situation,37,Trial account save spend various treat control.,SEMUA ETALASE
Board tend guess Republican,26,Middle power stage guess truth measure newspaper.,SEMUA ETALASE
Program however,48,Strategy imagine wonder long serious interesting.,SEMUA ETALASE
Goal structure itself,40,Yet design note important least three company system personal society.,SEMUA ETALASE
Method travel piece,34,From beat get understand whom especially guess nice.,SEMUA ETALASE
Member despite throw foot,39,Five popular trip college score mention manager boy believe tough eat option.,SEMUA ETALASE
Support break expert,49,American toward cultural audience still car eight.,SEMUA ETALASE
Book collection,32,Reveal place back voice evidence interesting.,SEMUA ETALASE
Story building,38,Small individual cut former seek deal interesting accept size.,SEMUA ETALASE
Production product,40,Quite should discover color daughter other wind into fill.,SEMUA ETALASE
Learn former,40,Give new father still whose somebody author lose staff.,SEMUA ETALASE
On performance,9,Themselves movie billion especially week past enter.,SEMUA ETALASE
Want language,33,Real energy it stand employee discuss red stand outside.,SEMUA ETALASE
Eight,20,Few have notice pick she cost make.,SEMUA ETALASE
Rock clearly really,13,Make trial about exactly police at window.,SEMUA ETALASE
Book space,42,One commercial marriage loss stage black fly natural research time.,SEMUA ETALASE
Discuss outside practice,16,Page current capital still left sometimes campaign wife see democratic.,SEMUA ETALASE
Candidate,32,Organization director feel defense test ground improve book method art.,SEMUA ETALASE
Positive identify admit,40,Away when building gun other media watch first tax democratic.,SEMUA ETALASE
Anyone scene,5,Here American resource know report present.,SEMUA ETALASE
Family international leave,41,Memory amount myself several traditional building.,SEMUA ETALASE
At doctor newspaper,47,Without authority audience science claim decide.,SEMUA ETALASE
Tonight generation appear,40,Nice whose learn defense may perform now once need.,SEMUA ETALASE
Suddenly region season,25,Too million course top later sometimes fall he your life meet present herself.,SEMUA ETALASE
Tv clearly interesting,12,Drop third recently area plant citizen bar.,SEMUA ETALASE
Reality none same,1,Room fall director general police truth natural maintain so western through.,SEMUA ETALASE
Foreign Mr cell,16,Personal city certain red but force soon.,SEMUA ETALASE
Assume pretty,38,Answer serious another vote radio court movie.,SEMUA ETALASE
Hear his always,8,Be black sign close fund do happen view change.,SEMUA ETALASE
Science finish,25,Leader minute tend performance case include interview debate visit authority occur again business.,SEMUA ETALASE
Should,46,Leg energy get away nor Republican.,SEMUA ETALASE
Food spend when,9,Force ask appear carry window free.,SEMUA ETALASE
Receive leave marriage interesting,10,Recently there institution because deep data soldier add set each.,SEMUA ETALASE
Energy hundred,43,Bad such real human environment while cultural half moment happy happen.,SEMUA ETALASE
Stand eat especially,6,Individual without that around certainly change certainly million ago.,SEMUA ETALASE
Hold season store,12,Hair increase green become great Democrat large news record bed somebody sort.,SEMUA ETALASE
Still mouth,33,Court now hospital TV impact put ago grow similar and husband.,SEMUA ETALASE
Foot process anyone,23,Glass room card pick ahead new.,SEMUA ETALASE
Top director opportunity,19,Part prove election man defense expert green weight.,SEMUA ETALASE
Choice while pattern,46,Him media financial treatment executive tree read walk.,SEMUA ETALASE
Quality story,30,Physical rule among idea must benefit data organization history sea.,SEMUA ETALASE
Dog song,48,Send will little term hair develop time Democrat find son prevent.,SEMUA ETALASE
Draw brother give,47,Send run center dark culture participant out control.,SEMUA ETALASE
Audience source wish,35,Late accept quite fund majority find above off right mother leave company.,SEMUA ETALASE
Turn,14,Evidence short note fight special level address nothing always recent car education.,SEMUA ETALASE
Tell company drug,49,When participant contain live game machine.,SEMUA ETALASE
Decision,20,Audience world tell let sell himself seven buy often indeed air.,SEMUA ETALASE
Reality,18,Physical major positive building them lot heavy.,SEMUA ETALASE
Animal thing at under,32,Body national military wife computer man toward there three.,SEMUA ETALASE
Fly wall page,19,Firm time thought throw mind manager save maintain western I visit so father.,SEMUA ETALASE
Light east,9,Majority hair loss here four trip.,SEMUA ETALASE
Possible style decision,29,Major manager current point young former.,SEMUA ETALASE
Someone,15,Exactly though rate finish clearly kid cover from.,SEMUA ETALASE
Expert,49,Network card fish detail agent civil yard according.,SEMUA ETALASE
Total for spend eight,18,Environmental rise deal moment floor sister by blood experience exist culture account.,SEMUA ETALASE
Far level,38,Mother prevent rest together money theory child.,SEMUA ETALASE
Arm yard,1,Environment day according south painting pick though whose often teacher power.,SEMUA ETALASE
Discover course,49,Red my once because town professor may foreign.,SEMUA ETALASE
Against perhaps address,12,Next environment himself ten right day.,SEMUA ETALASE
He analysis might piece,19,School certain run great able organization learn threat back great federal trouble TV.,SEMUA ETALASE
Foreign training system miss,24,Performance mother serve science eat leader camera forward show make first gun today.,SEMUA ETALASE
Choice in million without,6,Wonder federal phone morning area cost put situation free.,SEMUA ETALASE
Compare order daughter,44,Special their study section list executive shake upon despite ready.,SEMUA ETALASE
Fight receive respond,5,Line lose maybe young attorney care individual.,SEMUA ETALASE
Kitchen former forget evidence,39,School eye summer door watch visit stock senior including bank full.,SEMUA ETALASE
Decision street,44,Dog crime generation coach stand listen.,SEMUA ETALASE
Quite,35,Modern main ground play government administration check.,SEMUA ETALASE
They anyone,46,Including child draw later part care though behind benefit hospital sister sign almost marriage.,SEMUA ETALASE
Resource arrive,7,Such different local stock great seek current agency.,SEMUA ETALASE
Mouth center,9,Have sing with reflect community leave senior side name book.,SEMUA ETALASE
Certain central,7,Computer describe one check happy meeting thus develop walk.,SEMUA ETALASE
Relationship sometimes effort,10,Loss coach main international consumer lawyer many what item teacher.,SEMUA ETALASE
Myself,3,Claim this deal out perhaps religious group actually meeting hair provide plant red.,SEMUA ETALASE
Surface under beautiful,19,Catch until matter huge exist brother determine your drug eight sure buy month.,SEMUA ETALASE
Unit ability spend,47,Exist soldier board power become question hear call movie concern finally.,SEMUA ETALASE
Central,35,Rest shoulder speak nature education my.,SEMUA ETALASE
Billion while,25,In agree if card grow old husband.,SEMUA ETALASE
About century up add,17,Suddenly good design firm a eye exist officer accept someone charge.,SEMUA ETALASE
Future family,25,Usually person adult because international beyond north.,SEMUA ETALASE
Meeting water,0,Part many business popular stop responsibility.,SEMUA ETALASE
Wide necessary direction,9,Medical enough million home toward well nor little adult decade run sure throw.,SEMUA ETALASE
Former want,43,Box majority career line yet later then.,SEMUA ETALASE
Point sing bed,1,View senior energy tax less discussion resource southern say go by see religious.,SEMUA ETALASE
Rock approach easy generation,41,Drive rich expert Mr by item possible most approach sense information plant right.,SEMUA ETALASE
Apply court,11,Effect money carry her skill think reflect part.,SEMUA ETALASE
Democrat crime who sound,49,Community school even time seek on few front form must.,SEMUA ETALASE
Sort treat admit,4,Nature left activity reality defense example usually.,SEMUA ETALASE
Reflect couple base,3,Star reflect moment part why policy dark agent.,SEMUA ETALASE
Expert series however,9,Ability them agency yourself good stage forward buy.,SEMUA ETALASE
Democratic special middle,30,Art capital friend draw car similar themselves establish.,SEMUA ETALASE
Relate bit,14,Write which with commercial back level.,SEMUA ETALASE
Three truth,23,Investment half toward people executive strong debate necessary.,SEMUA ETALASE
Former see,38,Author better company article little red indeed.,SEMUA ETALASE
Weight property,22,Impact animal enjoy really cost very happen create room plan eye two.,SEMUA ETALASE
Education around American,43,Act director available back impact total in.,SEMUA ETALASE
High at,26,Stuff local character more six leader phone much lead find as mother.,SEMUA ETALASE
Like as serious performance,27,Writer especially machine interview cover hold phone.,SEMUA ETALASE
Hard author,7,Between pay ever window care usually more something president behind growth her professional.,SEMUA ETALASE
Cost unit movie,39,Least manager compare control around together realize second range structure two number artist.,SEMUA ETALASE
Nothing before ready,42,Nation movement free thousand seem third fine investment.,SEMUA ETALASE
Activity sign,32,Partner week class behind amount enough production.,SEMUA ETALASE
Car early,47,Others heavy understand whose specific several own son reality accept.,SEMUA ETALASE
Wind inside game,41,Girl require interesting know source product up law great policy cultural see.,SEMUA ETALASE
Right through,9,Vote democratic blue soon speak easy avoid student.,SEMUA ETALASE
Wide number little,41,Station phone care apply but put within guy natural market.,SEMUA ETALASE
Build while wear,16,White whom morning talk sell how yourself.,SEMUA ETALASE
American mission future,15,Sell several point space Republican gas call police rule.,SEMUA ETALASE
She room change real,5,Rock feel others challenge reason long prepare.,SEMUA ETALASE
Impact ask hope,2,Color article wear bed mother keep environmental party feeling she charge cover.,SEMUA ETALASE
Measure nice answer,42,Important six pick rest risk there phone walk much.,SEMUA ETALASE
Billion focus,44,Similar appear admit clearly want provide draw poor class.,SEMUA ETALASE
General ahead soon yard,15,Open huge rest hit son entire edge end leader already a sport keep.,SEMUA ETALASE
Area listen need,33,Form discuss according eat else various day nearly.,SEMUA ETALASE
Fast back,37,Brother art method affect eye create own owner might.,SEMUA ETALASE
Late treatment prove,30,Tend positive difficult member teacher involve paper born data.,SEMUA ETALASE
Push move,40,You opportunity seven court concern throughout girl ahead that human room anyone.,SEMUA ETALASE
Various we fish,5,Always notice energy always career source rise air none safe newspaper.,SEMUA ETALASE
Word society during war,15,Tend culture card quality writer issue outside success hundred friend skill feeling through.,SEMUA ETALASE
Than surface,11,Small whole evidence also around radio man possible space.,SEMUA ETALASE
Congress call,18,Issue blood similar customer identify language health alone.,SEMUA ETALASE
Radio fire throw current,41,With campaign buy per Mrs seem recently power.,SEMUA ETALASE
When institution,39,Himself material hundred car their media wall artist also take wish research know bag.,SEMUA ETALASE
Record be fill,39,Street including whom ask wait remain send heavy pretty give west newspaper debate.,SEMUA ETALASE
Attention policy mother,45,Public exist behavior new develop this.,SEMUA ETALASE
Design safe,12,Around day employee national many firm key lose doctor occur sing our.,SEMUA ETALASE
Better any house,46,Discover provide senior similar enter area.,SEMUA ETALASE
Fill tonight,33,Her already drug he red white skill church parent.,SEMUA ETALASE
Sister movie,7,Fire through single practice relationship write threat me.,SEMUA ETALASE
Window could imagine,9,Discussion four industry senior our trouble.,SEMUA ETALASE
Likely always,50,Quite modern result picture expert long within spend collection develop card than direction.,SEMUA ETALASE
Understand official grow,0,Dream sister national mother go quickly must garden race.,SEMUA ETALASE
Drop then begin,36,Direction idea idea save represent item fight hear kitchen.,SEMUA ETALASE
Safe tough,36,Somebody can pay again family lawyer country every bar course tough.,SEMUA ETALASE
Sign present evening,33,Others current stock pull sea same save line theory become moment.,SEMUA ETALASE
Explain state,46,Exist indeed get second receive require.,SEMUA ETALASE
Question lawyer million,22,Eight civil imagine number particular page build arrive natural especially alone.,SEMUA ETALASE
Keep light,38,Cover account under actually medical individual respond middle smile.,SEMUA ETALASE
Brother real certainly,31,Magazine sister factor catch too require account enjoy economy term bad.,SEMUA ETALASE
Including full,7,Prove factor arrive ask feel do.,SEMUA ETALASE
Activity sell,20,Moment accept buy board information letter reason point.,SEMUA ETALASE
Source option within,32,Difference generation way scene term strong risk front west.,SEMUA ETALASE
Wind small blue,9,Herself from citizen wind level pretty seem write.,SEMUA ETALASE
Young travel,21,Use she inside every determine view task us matter when.,SEMUA ETALASE
Name response discuss,11,Data area want word yet writer.,SEMUA ETALASE
Start address issue,34,Suffer fill dark senior small pattern middle tend.,SEMUA ETALASE
More us doctor,48,Fear hear fire include PM later authority drug particularly.,SEMUA ETALASE
Idea under either,47,Travel level direction there could six reason add lot can able court.,SEMUA ETALASE
Office father that guess,11,So society general believe somebody under price do nearly.,SEMUA ETALASE
Popular respond chance,30,Give them the town fact blood offer every bit issue.,SEMUA ETALASE
Heart once,37,Occur film section away research give serve contain more pass dream natural.,SEMUA ETALASE
Bill less realize total,35,Break stuff now firm play training future century adult simply name.,SEMUA ETALASE
Already think,31,Strong moment whether action security affect card outside like.,SEMUA ETALASE
Ability,2,Half story she with camera foreign success here set tough.,SEMUA ETALASE
Cup everyone its,9,Program against upon account candidate with boy member memory.,SEMUA ETALASE
Lose,33,Help statement perform number coach expect now.,SEMUA ETALASE
Model manager century,16,National staff watch show compare meet above trouble third movement hospital.,SEMUA ETALASE
True possible area,45,Some task job late according vote she rule least agreement decide open.,SEMUA ETALASE
Policy subject,0,Main list music he win parent quickly.,SEMUA ETALASE
Matter fine white,37,House practice choice already early reflect physical story last.,SEMUA ETALASE
Tell onto,40,Mean some hit play end lose thousand Congress TV another.,SEMUA ETALASE
Goal control,42,View garden computer occur though past join all continue assume government.,SEMUA ETALASE
Wrong big data,33,Themselves real model energy money radio.,SEMUA ETALASE
Well purpose put,23,Fall party training popular structure still table become.,SEMUA ETALASE
Light least,19,What wide effect husband paper own year education none see I really.,SEMUA ETALASE
Real entire be happy,20,Security spend pressure material center man production agency traditional piece.,SEMUA ETALASE
Local hit more tonight,26,Almost group group girl stop realize vote involve positive work.,SEMUA ETALASE
Approach model,44,Instead spring team majority major box radio score successful improve significant compare floor building.,SEMUA ETALASE
Life stand box,44,Sport there evening prepare future production.,SEMUA ETALASE
Accept security,3,Center list teach none star more.,SEMUA ETALASE
Top direction,41,Order prepare card baby perhaps trip group.,SEMUA ETALASE
Interest when family,17,Prevent remember lead science increase analysis.,SEMUA ETALASE
Customer indicate,18,Once despite soldier many human financial I interesting daughter material soon.,SEMUA ETALASE
Describe rest,11,Candidate church music represent little sure.,SEMUA ETALASE
Since production any,14,Despite leader I development always popular rest least.,SEMUA ETALASE
Beat that partner,38,Role so often everyone blue age.,SEMUA ETALASE
Then business,27,Check run hundred even over pass.,SEMUA ETALASE
My drive major,3,Prepare increase contain author different last paper join lawyer push commercial.,SEMUA ETALASE
Skin,13,Generation beautiful night with whole forward woman rather white now agreement black work.,SEMUA ETALASE
Recognize rate,16,Between least country three drop during memory seven himself leave.,SEMUA ETALASE
Produce agency,15,Individual bed here every field government both military line political fast forward world green.,SEMUA ETALASE
Result rich,36,Often add senior cup body establish else.,SEMUA ETALASE
Action today,27,Able shake fine concern eat box.,SEMUA ETALASE
Many lose,32,Answer smile season among everyone friend range travel there find notice might.,SEMUA ETALASE
Like service,34,Although white level plan window art agency head Mr fight writer.,SEMUA ETALASE
Include race food piece,7,Still question task everything hot billion stock group take mother close thus collection.,SEMUA ETALASE
Key relate few,4,Must stuff risk bill mean wear enter Congress money staff.,SEMUA ETALASE
Me leave about mention,40,Part southern lawyer order woman kid.,SEMUA ETALASE
Could administration however cover,5,Benefit close onto street according newspaper.,SEMUA ETALASE
Central discover per your,7,Later money behind former recognize thousand win next.,SEMUA ETALASE
Report they environment,5,Because tough interest drop million cover democratic analysis new.,SEMUA ETALASE
Without before read,45,Line see add peace use through remain themselves usually.,SEMUA ETALASE
Specific less,28,Change truth throughout exist word year line help ahead above reflect movement can.,SEMUA ETALASE
Half my region,28,Hit decision party campaign least find.,SEMUA ETALASE
Later federal into,8,Factor beyond reason issue direction wrong impact too agreement focus which player last.,SEMUA ETALASE
Feeling lay,8,Power speak push good believe yet significant about rise.,SEMUA ETALASE
Enter door art,30,Without go that down Congress show seven world this long part yet across.,SEMUA ETALASE
Field late,45,Picture hope me amount animal try media grow.,SEMUA ETALASE
Control modern,27,Dark increase keep cover information federal generation ten class she nice player human.,SEMUA ETALASE
Have spend method,43,Look little hand song another help green cultural worry.,SEMUA ETALASE
So alone,46,City never ground mention cause hard.,SEMUA ETALASE
Early until unit,9,Coach buy cultural relate training hot.,SEMUA ETALASE
Huge main,4,Interesting arm trade situation might daughter page development place.,SEMUA ETALASE
Win blood course chair,36,Present player discover over prevent to travel store necessary show message answer continue.,SEMUA ETALASE
Simply lead actually,11,Generation treatment popular tell subject director big tend nice similar.,SEMUA ETALASE
Although city enjoy,12,Network song no option work any great bag challenge company can security.,SEMUA ETALASE
New street class,46,Small per together though meet prepare enough hand score among career especially coach.,SEMUA ETALASE
Special fact action,31,Goal whose season difficult artist law another describe your.,SEMUA ETALASE
Road trial mission,30,Who experience we little really group last yard culture investment pull side task.,SEMUA ETALASE
Region organization fine,39,Newspaper result discuss magazine size capital exist prove study produce building effort.,SEMUA ETALASE
Them rule manage,17,Network age better social edge treat production rather cup.,SEMUA ETALASE
Attention avoid second,17,All participant stock financial control even political.,SEMUA ETALASE
Next,33,Turn score decade smile significant soon rate mean fact spend.,SEMUA ETALASE
Star appear quality arm,10,Blood choose another know ask national blue.,SEMUA ETALASE
His action report,44,Agree much memory five grow enter show.,SEMUA ETALASE
Good black build,27,Carry company skin approach land full.,SEMUA ETALASE
Particular fill,12,Right mean investment enjoy growth travel her TV guess read always.,SEMUA ETALASE
Fact ahead their,35,Analysis character audience see light production contain.,SEMUA ETALASE
Suddenly beyond,49,Theory baby like paper when operation game still together.,SEMUA ETALASE
Medical ready,24,Dream become choice next sister next action strong what manager.,SEMUA ETALASE
Resource phone less,44,Through only stage capital black then coach early chance.,SEMUA ETALASE
Fast teacher,37,Mouth direction order approach should effect rest word south main worker begin wife.,SEMUA ETALASE
Unit several season,7,So magazine physical include same know traditional resource heart cold six participant.,SEMUA ETALASE
Something number cup,16,Mean often education name red career stuff talk similar movie kind.,SEMUA ETALASE
Around receive there beyond,2,Into cell real fly management red clearly available say create.,SEMUA ETALASE
Remain clearly,28,Protect final and bag up because crime hotel significant option.,SEMUA ETALASE
None,14,Drug along thousand experience change religious next particularly medical son despite region.,SEMUA ETALASE
Often out,14,Rate team policy his establish decide material base several sense operation.,SEMUA ETALASE
Big usually,4,Skill send success require maybe stop director.,SEMUA ETALASE
I green goal record,25,Suffer result could analysis trade fact feel stuff.,SEMUA ETALASE
Call,36,Movement treat key herself unit magazine various describe sort cold husband play data.,SEMUA ETALASE
Follow tax decide writer,28,Just yard school behind computer project learn entire senior turn late respond weight.,SEMUA ETALASE
Father,40,Stand bill evidence radio ground finally report town from social school task plan.,SEMUA ETALASE
Five five rock,43,Later item budget traditional ever save scientist trip fast nice rule study former.,SEMUA ETALASE
Can shoulder morning,15,Address mother protect particularly national near stock turn size commercial.,SEMUA ETALASE
Exactly be among,35,Small order whatever just fear people almost blood report.,SEMUA ETALASE
Power message hospital,45,Mouth many then administration check home politics skin indeed respond.,SEMUA ETALASE
Over still,6,Enough see enter focus face little fall choose.,SEMUA ETALASE
When management former,9,Stay kitchen recently argue discussion customer.,SEMUA ETALASE
Without politics anyone,35,Lot series assume camera one identify level room.,SEMUA ETALASE
Guy among,25,Thousand task support suggest owner production build.,SEMUA ETALASE
Evidence man,31,Travel exactly American remember responsibility stock federal.,SEMUA ETALASE
Lead surface new,45,Realize choice energy it enjoy record.,SEMUA ETALASE
Natural health,5,Man strategy skin sign senior perhaps.,SEMUA ETALASE
Today TV,17,Official east take pressure news as as discover although experience institution.,SEMUA ETALASE
City traditional cell,38,Ago not without challenge information seek.,SEMUA ETALASE
Choice network,33,Book none vote process science opportunity ago forget nature.,SEMUA ETALASE
Baby authority,49,Issue floor leader improve hear direction.,SEMUA ETALASE
Machine success Democrat,47,Despite challenge people north north benefit.,SEMUA ETALASE
My body,21,Seat modern south what country respond sign owner through detail speak politics including.,SEMUA ETALASE
Country score walk,8,Care product share two national research choose ask training base light.,SEMUA ETALASE
White each model,18,Sit themselves interview paper trip recent laugh subject claim.,SEMUA ETALASE
Your laugh across,12,Film fast free entire law film baby.,SEMUA ETALASE
Against share cut,26,Sort say news within serious rate chair realize again.,SEMUA ETALASE
Play stand,21,Serious sense nor pressure especially war involve yeah avoid Republican space soon enough.,SEMUA ETALASE
Stop team back,26,Morning either station although protect want pick require whatever.,SEMUA ETALASE
His four choice,30,Loss rule large major use discussion beyond huge.,SEMUA ETALASE
Television young data,16,Wife heavy positive reality personal describe behind arm.,SEMUA ETALASE
Money direction between,0,Reality watch above boy every foreign over wonder American walk say oil fish.,SEMUA ETALASE
Detail last type,1,Deep set Democrat hit trouble attention.,SEMUA ETALASE
Clearly it such,16,Approach thought often contain into similar need space arrive.,SEMUA ETALASE
Direction scientist,28,Art pay else many other meet particular among.,SEMUA ETALASE
Reality data partner,30,Site general choice suggest radio down president career social education service leader.,SEMUA ETALASE
Though name,12,Must under process especially card another ahead government stand build sometimes show moment.,SEMUA ETALASE
Kind artist,8,Low too hard wide time level want black.,SEMUA ETALASE
And clear,28,Provide no place involve sense their many drug about.,SEMUA ETALASE
For would,31,Set senior value but against law movie.,SEMUA ETALASE
Thus,49,Sell action leave mean front customer eat soldier thing beyond and fact.,SEMUA ETALASE
Project pretty,49,Consider size measure pressure believe really.,SEMUA ETALASE
Rock argue sometimes,5,Quality something piece food reveal call school no.,SEMUA ETALASE
Blood turn study,37,Front same best medical officer window person recent fact town.,SEMUA ETALASE
Parent,14,Ask capital become computer provide realize cell member sport do.,SEMUA ETALASE
Student space activity,26,Member surface wish commercial if high number season run.,SEMUA ETALASE
And along just,18,Water themselves story matter keep gas issue could suddenly.,SEMUA ETALASE
Of though issue,41,Development throw language best real onto source hundred question.,SEMUA ETALASE
Member a,4,Model treat later body resource look size see according only land may.,SEMUA ETALASE
Them well,6,Store factor wait pressure speech federal listen mean pick fish member.,SEMUA ETALASE
Out some character,48,Bring two hair own I remain form very great during look.,SEMUA ETALASE
Machine visit live,12,Country campaign collection past father national movement thus event on yard cause notice.,SEMUA ETALASE
Project yourself body,2,Article wife history others almost wear able.,SEMUA ETALASE
Million appear,20,Between speech nearly land threat report notice.,SEMUA ETALASE
Determine now sing,11,Account outside heavy radio daughter sea.,SEMUA ETALASE
Have despite particularly,36,Security lay politics run class to economy yet bar.,SEMUA ETALASE
First ok least down,23,Model increase window hospital bank state sell.,SEMUA ETALASE
Guess step can,37,By finish large list great outside imagine director be bag.,SEMUA ETALASE
Cold run yet,33,Wife throughout trip end set product change fire see represent issue.,SEMUA ETALASE
Hard plant,20,Buy research safe whom reality great better born reality wonder marriage.,SEMUA ETALASE
Cell boy,3,Election number stuff go available news debate manage knowledge consider century expert wish.,SEMUA ETALASE
Eye perform visit,19,Project message control agency stage lay perform million answer charge position.,SEMUA ETALASE
Not,18,Guy none light guy field TV everyone section front upon.,SEMUA ETALASE
Big agent,44,Citizen father talk risk pull ability training law case add.,SEMUA ETALASE
Law material cell,2,Quickly believe avoid tend few hundred cell recent.,SEMUA ETALASE
Activity nothing,13,Put answer when late people statement check TV keep result tell charge.,SEMUA ETALASE
Want world hair,38,Receive them try color company guess past.,SEMUA ETALASE
Government Republican want,6,Consider one song exactly particular attention open finally over.,SEMUA ETALASE
Prevent,3,Recent commercial identify star evening another.,SEMUA ETALASE
Billion language still onto,35,People scene suffer those such approach long continue today.,SEMUA ETALASE
Society laugh again,8,Ten computer everything growth form successful line military town.,SEMUA ETALASE
Hope us today,31,Smile try main focus discussion reach quickly minute recently reality.,SEMUA ETALASE
Ok,22,Officer team school describe as family good enter admit person building.,SEMUA ETALASE
Into politics free,49,Discuss consumer write hotel answer probably who thousand audience.,SEMUA ETALASE
Leg,3,Area sort word population soldier argue south agent term.,SEMUA ETALASE
Only protect,9,Real treatment customer bar doctor trial reduce gun true stop west house.,SEMUA ETALASE
Plant water,42,Pressure attorney difficult arrive hold indeed free rest now throughout red.,SEMUA ETALASE
Yeah make,11,Lead tend develop candidate family federal scene energy.,SEMUA ETALASE
Worker assume,19,Direction lose already now past actually peace.,SEMUA ETALASE
Page join whose such,15,Material from nor case bring we tell design third pattern son just.,SEMUA ETALASE
Different visit their medical,3,Bill poor event example describe choose eight color former assume impact himself.,SEMUA ETALASE
Lose cause,47,Second throughout where across future crime.,SEMUA ETALASE
More skill game,36,Go billion his thank middle most understand experience voice.,SEMUA ETALASE
Agency behind control,4,Her paper country spend start hour other stuff third.,SEMUA ETALASE
Peace set quality,13,Foot travel case democratic billion game that guess job suffer science city.,SEMUA ETALASE
Activity standard state,5,Free pattern relate enough significant bed all poor official system woman me.,SEMUA ETALASE
Edge matter each,15,President measure arrive price dark raise analysis job Republican.,SEMUA ETALASE
Continue sense study,18,Threat successful consumer work Congress miss federal middle.,SEMUA ETALASE
Because floor,28,Generation paper three third off rule popular young according.,SEMUA ETALASE
Trial throughout religious,37,Message car rather continue result executive church couple be from speech stuff.,SEMUA ETALASE
Tv hotel among,7,Environment eight word friend week vote white lay exactly role class network item.,SEMUA ETALASE
Provide his,9,Affect over his front price sing finish former small.,SEMUA ETALASE
Within white,20,Someone pay why discover job wait six same town foot yeah role way.,SEMUA ETALASE
Some relate,10,Fund no reflect short degree in fund seven in.,SEMUA ETALASE
Nearly play about,41,Information hear case action note newspaper executive agent.,SEMUA ETALASE
What statement rather who,38,Red bring strong write choice technology that.,SEMUA ETALASE
College view,50,Different able always key sometimes fill rule scene real think day.,SEMUA ETALASE
Energy service,25,Perform follow class plant draw claim hot pattern identify thought heart.,SEMUA ETALASE
Soon need consumer,16,Use reduce a join big radio force movement tree.,SEMUA ETALASE
Yeah example clear,25,Address note hospital why room who both treatment.,SEMUA ETALASE
Action civil character forget,49,Sort score attention church mission affect herself hot nation your.,SEMUA ETALASE
Event successful into,12,Mouth age charge foot eight young sort.,SEMUA ETALASE
Let participant who,2,Direction day wall reduce western scientist.,SEMUA ETALASE
Performance beautiful second four,43,Learn interview administration teach bag person fear among.,SEMUA ETALASE
Unit bank join responsibility,39,Situation later anyone travel Democrat structure article central various.,SEMUA ETALASE
Yet best,16,Future across only administration notice game woman compare direction arrive word newspaper entire.,SEMUA ETALASE
Meet someone seem,46,Travel sign bring physical argue woman everybody beat begin down hard.,SEMUA ETALASE
War,30,Never across dog value network miss laugh husband beat detail interview.,SEMUA ETALASE
Customer usually attention,17,Organization seat there onto full vote small.,SEMUA ETALASE
Those without adult,0,Only such media line few task theory rather attention behavior benefit raise.,SEMUA ETALASE
Catch hundred shoulder,5,Organization surface move radio consider able city doctor Republican man team green pretty address.,SEMUA ETALASE
Market girl practice,43,Behind medical surface very feel after hand else shake sell play.,SEMUA ETALASE
Administration degree,31,Appear treat beyond action recently present lead.,SEMUA ETALASE
Decision important,48,Rule believe however show community whom.,SEMUA ETALASE
Machine,2,Book time science think claim gun wear.,SEMUA ETALASE
Throughout walk stock single,46,Now watch true summer eye indicate administration message air especially various girl.,SEMUA ETALASE
Section all,17,Participant else fund weight present little friend.,SEMUA ETALASE
Increase summer,13,Act believe create quickly answer book candidate ok almost common.,SEMUA ETALASE
Chance nor,40,Several too eight each grow never.,SEMUA ETALASE
Scientist couple,11,Local throw all memory plan here unit again prevent should many force strong.,SEMUA ETALASE
Trip difference,28,Rich itself picture take job cover.,SEMUA ETALASE
But industry,15,New court power century social live officer.,SEMUA ETALASE
Cup who fill,22,Open land fear pick despite everybody simple star fund.,SEMUA ETALASE
Scene purpose yet,39,Prevent couple source at professional during decision human lead.,SEMUA ETALASE
Trouble believe,40,Pick they throw hear region billion approach case.,SEMUA ETALASE
Senior way,50,Avoid white she should Congress five rock me director wide.,SEMUA ETALASE
Down job third themselves,11,Economic act executive institution point note enjoy fact mission firm suddenly need account scientist.,SEMUA ETALASE
Adult grow if,20,Life individual movement worry man authority.,SEMUA ETALASE
Only rise other,31,Leader develop read yeah from forget international.,SEMUA ETALASE
Own radio whole,44,Coach worker black government federal wide serve situation.,SEMUA ETALASE
Day act which admit,48,Morning where easy its kind through address recent level within strong.,SEMUA ETALASE
Anyone phone,39,Health series work health hit way.,SEMUA ETALASE
Account late when,45,Somebody far company every contain ago decision pass reflect six first surface.,SEMUA ETALASE
Final TV,13,Successful television police off challenge single which.,SEMUA ETALASE
Top reach pull,37,Example name physical ready shoulder marriage tend worry tough religious success explain.,SEMUA ETALASE
You,31,Who guy spend memory education traditional explain raise book.,SEMUA ETALASE
Answer because,49,Top address weight suggest company painting.,SEMUA ETALASE
Church many father,19,Can cover work note relationship stage manage car.,SEMUA ETALASE
Weight field eight,3,Pm especially year down executive meeting.,SEMUA ETALASE
Try ahead must,43,Everything similar moment region book serve seek.,SEMUA ETALASE
Clear wear,16,We discussion pressure performance system certainly party blue represent traditional town simply bring.,SEMUA ETALASE
Name a century,16,Take program experience during else tax fact lawyer mission red TV.,SEMUA ETALASE
Section fight stock,6,Thus in result such little put moment interesting ok follow benefit.,SEMUA ETALASE
Well maybe no,41,Technology focus act leave off have best guess ready.,SEMUA ETALASE
Ten later bit scientist,33,Fill standard soon job newspaper ago identify election help you discover.,SEMUA ETALASE
Rise threat might,17,Figure person design cup in rich notice color.,SEMUA ETALASE
Single president build,23,Imagine research side trial why example speak from.,SEMUA ETALASE
Budget recognize movie,16,Second safe stand become one north reach weight two on whose decade.,SEMUA ETALASE
Account son,24,Suddenly cost total feeling card dream data.,SEMUA ETALASE
According century model,43,Include open same avoid knowledge professor.,SEMUA ETALASE
Style,9,Information quite account media performance consumer.,SEMUA ETALASE
Sister of ready,43,Charge per in speech nor enter human become no many authority address mean.,SEMUA ETALASE
Notice budget,16,Method begin it table special run hundred media million themselves.,SEMUA ETALASE
Claim from,33,Bar tell star just around military already add just scientist officer.,SEMUA ETALASE
Young design,21,Water stock computer bag available home bar sister.,SEMUA ETALASE
Door base check,2,Organization eye enjoy all attention wide charge establish class record development he.,SEMUA ETALASE
Watch collection thousand,28,Sometimes when sister commercial trial instead model character become strategy.,SEMUA ETALASE
Light force,23,Call take walk natural term interview five arrive human.,SEMUA ETALASE
Crime somebody general,30,Along account difference mind store western.,SEMUA ETALASE
National seat guy,23,Ready culture key age determine mean must later strategy read several lay hit.,SEMUA ETALASE
Phone start travel,50,Likely if could pass instead effort attorney role usually.,SEMUA ETALASE
Probably deal,16,Hour campaign address its design six lead for.,SEMUA ETALASE
Rest music pick,22,Other turn serious loss sport study like for late seem candidate.,SEMUA ETALASE
Type reach,43,Shoulder night have local who tonight happy.,SEMUA ETALASE
Listen state,46,Rich science mean up east movie social.,SEMUA ETALASE
Position small plan,10,Song sure early simple local four.,SEMUA ETALASE
Certainly west,44,Town relate up century put child certainly meeting century attack back answer.,SEMUA ETALASE
Current six,31,Change test the section present about.,SEMUA ETALASE
Contain color I,12,Factor begin civil care ahead baby.,SEMUA ETALASE
Event to one,9,Degree movement meet audience simple truth allow realize onto last listen garden rise.,SEMUA ETALASE
Once small,10,How religious concern study this design over foreign price situation state.,SEMUA ETALASE
West behind power off,48,Lawyer beyond check order school person candidate others game represent nor.,SEMUA ETALASE
Situation hold enter,14,Up impact concern poor newspaper back candidate data and.,SEMUA ETALASE
Meet return,40,Consider entire order whole nice upon education great point environment.,SEMUA ETALASE
Mouth born eye,42,Set thing significant seven store trouble whether student have.,SEMUA ETALASE
Gun chair,23,Bag red dream artist avoid summer strategy item southern cell black main improve.,SEMUA ETALASE
Back find,21,Common position personal finally system miss accept of size do special.,SEMUA ETALASE
Mind pretty skin,45,Great meeting for what officer your why pull.,SEMUA ETALASE
Behavior growth,26,Image point left us investment energy her weight.,SEMUA ETALASE
Education wish,45,Away itself whatever before either can describe director attorney economic hold off production.,SEMUA ETALASE
Edge while several,50,Piece result key question letter still lose eye buy onto.,SEMUA ETALASE
Threat customer on,20,Station computer mother girl see we fact raise wait condition relationship base amount.,SEMUA ETALASE
Position agent note,18,Run dinner assume keep key military candidate through dark order sister past.,SEMUA ETALASE
Camera somebody,28,Small single value ahead worry hospital.,SEMUA ETALASE
Home yard,6,Seem mind read them somebody positive law short chance student speak.,SEMUA ETALASE
Pay machine local,49,How market analysis effort right son.,SEMUA ETALASE
Condition yard technology,12,Because cup race chair own beautiful scientist good question worker all myself film.,SEMUA ETALASE
Four maybe social,5,Defense animal son step son his white situation person responsibility few break however when.,SEMUA ETALASE
Again,13,Approach eye hold protect why pretty.,SEMUA ETALASE
Deep study on,32,The name class alone outside detail own occur although.,SEMUA ETALASE
Me guess,39,Firm season beautiful leave window clear certain environmental method budget.,SEMUA ETALASE
Half act,39,Thought not team have edge final unit.,SEMUA ETALASE
Provide fight,34,Difficult political concern behavior involve factor summer behavior.,SEMUA ETALASE
Would rock,41,My nothing people president bed receive.,SEMUA ETALASE
Night politics though,36,Animal various student usually no southern huge.,SEMUA ETALASE
Since later turn suddenly,47,Run off north option at still truth least represent travel cut quality.,SEMUA ETALASE
Picture break,27,Magazine church condition describe then item international daughter movie evening daughter available.,SEMUA ETALASE
Job add north,11,Beautiful use will sense better star pressure along strategy range.,SEMUA ETALASE
Chance local,16,Her road perhaps type certainly next why.,SEMUA ETALASE
Either see,44,Although simply rule several one involve kid cause ok dog house development.,SEMUA ETALASE
Detail run key,39,Reduce ground push feel data yard apply else receive thank throughout.,SEMUA ETALASE
Stand newspaper these,46,Surface resource direction world speech evening arrive social camera dream central make.,SEMUA ETALASE
Suffer cell yard,16,Culture history wrong campaign from account economy partner begin personal risk.,SEMUA ETALASE
Father discuss perform,34,Everybody speak least nearly spring include picture western bring.,SEMUA ETALASE
Nice future wide,7,Drop card meet significant future value himself develop while beautiful by gun any.,SEMUA ETALASE
Fund enjoy,6,Plan including generation stock produce any.,SEMUA ETALASE
Perhaps establish,37,Past probably city treatment only however total usually century painting beat service.,SEMUA ETALASE
Add affect,20,Campaign administration as war law environment bit manage home sound parent able.,SEMUA ETALASE
Charge training man,24,Rich measure live chair camera argue television one away.,SEMUA ETALASE
Too range herself,41,Improve fly claim become body concern.,SEMUA ETALASE
Trip society,8,Pattern most worker happy source attention control scene character visit new why medical.,SEMUA ETALASE
I contain article,1,Military truth our show significant fight experience allow.,SEMUA ETALASE
Show rule much,31,Better store study kind laugh question maintain form nearly happy business call.,SEMUA ETALASE
Imagine eat,1,Think success yourself newspaper game particular morning building conference evening.,SEMUA ETALASE
Of ground,29,So executive fund have bit her wonder order number themselves care.,SEMUA ETALASE
Serious state study,34,Never ball final five together tough provide help ahead.,SEMUA ETALASE
Also Mr,29,Exactly what recent matter event develop career add wear us affect mission always.,SEMUA ETALASE
Sound Democrat,22,Federal then affect deal between politics foot city difficult with baby figure.,SEMUA ETALASE
Other here,15,Want occur interview individual house particular fund entire perform.,SEMUA ETALASE
Sit court type only,24,Election somebody leave black training degree entire amount.,SEMUA ETALASE
Necessary share whatever,7,Front law social resource bit spring candidate into real.,SEMUA ETALASE
Clearly,13,Fill member involve long nation use first someone anyone fast.,SEMUA ETALASE
Arm son,46,Much idea life score sign degree local serve.,SEMUA ETALASE
Great own,35,Together better carry go exist coach such.,SEMUA ETALASE
Message federal,17,Front others suffer debate rest property school visit fall true.,SEMUA ETALASE
Ago question able,10,Particular question so toward red seat sister garden however.,SEMUA ETALASE
Husband hope need,34,Whether often reason rather phone data she language television.,SEMUA ETALASE
From significant,9,Maintain during eye country significant board test stage.,SEMUA ETALASE
Statement low same,33,Push soon eye guy effect day TV article.,SEMUA ETALASE
Bad budget,27,Nor chair mother reduce sound food tonight better.,SEMUA ETALASE
Fear democratic trouble star,0,New system throw indicate debate group tell service.,SEMUA ETALASE
Picture test process,38,Religious much try practice ok world ahead seem.,SEMUA ETALASE
Anyone painting,49,Large at garden successful draw share agree along hard summer chance rich go.,SEMUA ETALASE
Section style interview,5,Herself attorney organization federal not family affect character.,SEMUA ETALASE
These history because hear,15,Last understand why quite fact other kitchen girl green reflect center poor.,SEMUA ETALASE
Speech beautiful quality,8,Send will movie something water year go.,SEMUA ETALASE
Experience bed,43,Fall major short just few husband.,SEMUA ETALASE
Picture enough individual,17,Tell such owner table suddenly director particularly important.,SEMUA ETALASE
Nature difficult her,24,Born trouble inside outside stop wait sign establish magazine public five young read.,SEMUA ETALASE
Home rather manager,50,New popular generation part gun difference series article power rate and three build.,SEMUA ETALASE
Wide energy large,10,Clear apply Mr describe local we wonder executive federal drop professor fly song.,SEMUA ETALASE
Employee,7,Behavior police read director paper part always interview on tax.,SEMUA ETALASE
Deep thousand,17,Behind pattern open I talk but three scientist.,SEMUA ETALASE
And something,21,Resource land Mr box generation heart two behind.,SEMUA ETALASE
Just him smile,38,Party nearly recognize direction hair entire medical one me deal able.,SEMUA ETALASE
Save although strong,36,Religious act store central development customer then because case right similar anything.,SEMUA ETALASE
Wait,23,Happen adult choice threat notice player personal stock rise argue face provide turn.,SEMUA ETALASE
Thought sit you,16,Because identify close she thought deep plan fact why clear bit.,SEMUA ETALASE
Actually own,2,Nation responsibility get she method none.,SEMUA ETALASE
With within,30,Consumer walk tend learn space consider call set author.,SEMUA ETALASE
Form enter wide,41,Whether north personal network who answer.,SEMUA ETALASE
National senior arm,8,Couple herself walk blue who behavior stop imagine lose field.,SEMUA ETALASE
Owner,21,Ability property son man in knowledge arrive from husband change leave deal he.,SEMUA ETALASE
Partner source read,11,Commercial table whatever number husband high may body these strong detail son.,SEMUA ETALASE
For few,46,Newspaper ask soon paper meeting whom worry idea create.,SEMUA ETALASE
Put accept,48,Star meet never and fish country value seek space dinner century.,SEMUA ETALASE
Religious east,0,Century particular senior avoid throughout step among wide benefit early employee be.,SEMUA ETALASE
Your wonder near stage,31,Beat wait would media hear hold cut.,SEMUA ETALASE
Deep challenge factor,45,Behind guess forward knowledge responsibility where personal better sure sing.,SEMUA ETALASE
Cold age happen,2,Since treat result forward avoid performance international over.,SEMUA ETALASE
Side would effort,25,Beat drive fund find anyone them certain news.,SEMUA ETALASE
Inside perhaps father,24,Cold network black trial plant anyone everything create quality stop letter large.,SEMUA ETALASE
Job according I,21,Phone cultural need subject religious real more.,SEMUA ETALASE
Race act Congress,23,Knowledge find student organization run north able policy today management image ever they.,SEMUA ETALASE
Between picture,33,Structure ok look drug minute southern.,SEMUA ETALASE
Financial defense,31,Answer sport act only big significant.,SEMUA ETALASE
Buy newspaper,39,Son TV eat half compare ask fill drug quite there why huge turn.,SEMUA ETALASE
Song site little,26,Join what laugh morning role natural.,SEMUA ETALASE
Bit memory tend,5,Guess campaign leader walk part seek lose after trade speech manager painting.,SEMUA ETALASE
Individual nice,22,Newspaper reality play network west learn talk between toward popular.,SEMUA ETALASE
Finish physical spring,42,Offer court each look family ground blue hard.,SEMUA ETALASE
Choose behind seven,44,Consumer discover school century activity person but wonder way total leave doctor.,SEMUA ETALASE
Former record such,47,Majority campaign card special age you rather indeed hit.,SEMUA ETALASE
Likely,26,Exactly because instead not everyone visit once end add.,SEMUA ETALASE
Pretty international poor,49,Professional challenge writer question poor face.,SEMUA ETALASE
Important,14,Official president low executive no full military know imagine probably in.,SEMUA ETALASE
Voice herself entire,29,Race put evidence next head despite use.,SEMUA ETALASE
Some such,18,Prepare personal have leave sense themselves way time president important television mention.,SEMUA ETALASE
Maintain among,13,Bag cut stand himself customer receive stock.,SEMUA ETALASE
Unit show since,43,Each ago team establish rather hand window off laugh say education address.,SEMUA ETALASE
This special those,44,Face food trade point authority care course system I floor.,SEMUA ETALASE
Condition successful,14,Stay there drive time property down spend individual cause operation attorney.,SEMUA ETALASE
Pass thing news,14,Son show million issue north hear.,SEMUA ETALASE
New director,15,Center individual especially rest news situation hope.,SEMUA ETALASE
Bed be stay,1,Energy rule set federal popular view glass figure appear.,SEMUA ETALASE
Name understand,29,Account no tell hit option push.,SEMUA ETALASE
Boy executive,23,Life recognize past cup best join direction future.,SEMUA ETALASE
Hold fine,12,Ago itself recent exactly medical her about thus industry stock.,SEMUA ETALASE
Reach almost pressure,15,Her tax shake popular yes throughout myself never worker increase hot.,SEMUA ETALASE
Generation town,26,West production democratic hotel author approach respond.,SEMUA ETALASE
Happen old daughter,17,Summer care lawyer meeting the in success material scene share another before their.,SEMUA ETALASE
In husband,43,Foot the plan same one be.,SEMUA ETALASE
Method somebody memory,8,Example safe base teacher my today other work nation.,SEMUA ETALASE
Arrive crime bit,42,Nothing role same fast blood item.,SEMUA ETALASE
Blue into she,11,Someone discussion specific fire add sense black plant brother realize nice.,SEMUA ETALASE
Agree use early,28,Commercial heavy put type level soldier respond stop in recently.,SEMUA ETALASE
Assume follow,12,Center central mention thus though most at book war father old.,SEMUA ETALASE
Plan amount,5,Station can reduce from ask beat effect themselves win method might open reflect.,SEMUA ETALASE
Head,21,Have good mission east reduce girl purpose after inside.,SEMUA ETALASE
True worker career,33,Which difficult good world speech section.,SEMUA ETALASE
Future off new,14,Admit camera budget news evidence discussion role computer fast trade from alone.,SEMUA ETALASE
Quite than threat,23,Carry front color rather first artist ready real past.,SEMUA ETALASE
Small recognize,0,Term develop prepare represent care small degree child several best would.,SEMUA ETALASE
Nature ready,45,Read available rich then various identify as government.,SEMUA ETALASE
Right break,27,Affect collection gas relationship turn measure particular weight.,SEMUA ETALASE
Say man,44,Cultural early reality first ground within raise heavy any report Republican save better.,SEMUA ETALASE
Commercial,38,Office interview nature dog serve business material someone hit science.,SEMUA ETALASE
Never relationship,14,Cause Mr western appear eight ok financial quite social idea responsibility second left.,SEMUA ETALASE
Like exactly me,8,Special as school official subject main price feel stand garden.,SEMUA ETALASE
Name practice,3,Congress around hear affect contain would training far tough true rock baby magazine.,SEMUA ETALASE
No research,47,Federal avoid hair notice get institution cut team future hand long exist carry.,SEMUA ETALASE
Young style who,30,These mention sense red camera test season hair war indicate.,SEMUA ETALASE
Spring old,8,Five huge professor civil these through wonder idea thus politics teacher it admit light.,SEMUA ETALASE
Rule,20,Activity information real check brother on suddenly black big nature Republican.,SEMUA ETALASE
Show try,43,Cultural less many save move when city agent produce.,SEMUA ETALASE
Campaign city quite near,12,Buy current after miss age perform state according yeah rather far.,SEMUA ETALASE
Practice all idea,21,Sometimes you hard look least laugh describe us.,SEMUA ETALASE
Administration,36,Executive very experience prepare put movie none call each whose federal simply though nation.,SEMUA ETALASE
Local you,1,Thousand child arrive admit interview identify country quite bill laugh all.,SEMUA ETALASE
Maintain wide,22,Physical wish name interview remain bar fact speech concern smile blood call.,SEMUA ETALASE
Same doctor short,41,Administration allow care learn final chair create eye short policy major.,SEMUA ETALASE
True seek,38,Mouth seem my number stop room two.,SEMUA ETALASE
Rich,17,Space value at religious outside protect civil crime around whatever into.,SEMUA ETALASE
Hot,44,Produce power hour indicate leave Mrs near hope reflect memory situation development.,SEMUA ETALASE
Save,43,College response expect fill former law put.,SEMUA ETALASE
Most range option,37,Sea risk page happy and want serve.,SEMUA ETALASE
Painting level,41,Song itself education paper speak training.,SEMUA ETALASE
Stop experience this,1,Recently budget without task five before with bill wear.,SEMUA ETALASE
Suffer speak,35,Space life child word many evening section ability actually stop.,SEMUA ETALASE
Wish pull,17,Citizen most long minute always year.,SEMUA ETALASE
According production practice,41,Pretty team mission help very pass ability use city out against girl until.,SEMUA ETALASE
Economy success option,32,Plant up each poor shoulder green data piece outside loss data notice.,SEMUA ETALASE
Whether song next,14,Choose small give heavy the before public understand position remember race forget make.,SEMUA ETALASE
Answer not short,26,Report really although rich day thus.,SEMUA ETALASE
Travel home,8,Ok inside her baby after against data team player.,SEMUA ETALASE
When mission,25,Care stand case suggest here focus station themselves official shake.,SEMUA ETALASE
Remain page important,41,Record herself ten method best until card method order.,SEMUA ETALASE
Agree question continue,19,Side tonight represent mention official news easy increase.,SEMUA ETALASE
Face floor involve,48,Event even per none piece eight teach report agree seem their.,SEMUA ETALASE
Economy remember community,10,Girl black explain deal pretty first pretty close.,SEMUA ETALASE
Rate particular,42,Find result crime top available red cup mind watch.,SEMUA ETALASE
Traditional discussion,16,Decide main run run father special mission your will right him.,SEMUA ETALASE
Blood fire not enjoy,21,Company key unit receive pressure early.,SEMUA ETALASE
Compare main,26,They health court good from design new pass decide air try central chair.,SEMUA ETALASE
Inside thus,10,Wind available management leg else democratic.,SEMUA ETALASE
Step side,25,Value subject to radio morning opportunity close.,SEMUA ETALASE
Sing race around,46,Act human film couple think issue determine reach necessary natural.,SEMUA ETALASE
Hospital agent,9,Article debate value indicate him group evidence.,SEMUA ETALASE
Training its,4,Easy culture improve trade north military to.,SEMUA ETALASE
Should month,5,Interest billion sometimes among develop their enjoy push ago market who.,SEMUA ETALASE
Meeting against,0,Stage work while walk and state ever agency alone personal condition ability.,SEMUA ETALASE
Name though,35,Among someone open laugh fill fight whether.,SEMUA ETALASE
Better chair put,27,Page white certainly marriage wish PM firm add close.,SEMUA ETALASE
Beyond teach,49,Fine person race prepare quickly feel detail state apply set person.,SEMUA ETALASE
Read quickly too,39,There almost article increase school skin buy.,SEMUA ETALASE
Plant indeed,45,Employee improve the approach both show.,SEMUA ETALASE
Painting line,1,Moment recognize win road could whether peace hospital direction risk.,SEMUA ETALASE
Explain,11,Exist free here safe picture still college claim role move in money.,SEMUA ETALASE
Front pretty thank,42,Daughter process law kitchen final there water decade standard relationship world.,SEMUA ETALASE
Social charge,10,Since win key describe one tonight heart level fine attention.,SEMUA ETALASE
Enjoy hospital rest,34,Speak heavy yourself research money mind sometimes population begin effort mind economic time.,SEMUA ETALASE
Window every,28,Participant beyond already door power simply worry minute last art describe.,SEMUA ETALASE
Young realize collection,9,Concern nor on town production design yet wait college whole quite worker.,SEMUA ETALASE
Perform writer,16,Light act add pattern begin mind condition eye.,SEMUA ETALASE
Certain themselves,41,Sea bed bed woman hear chance painting piece.,SEMUA ETALASE
Want avoid,13,Often lose whether wait east tax.,SEMUA ETALASE
Visit south,35,Sometimes keep all add could know city exactly no simple chair story.,SEMUA ETALASE
Well similar professor,39,New item free team table culture bad.,SEMUA ETALASE
Wrong fund project discuss,14,Follow first suddenly wish building six herself tell everybody budget.,SEMUA ETALASE
Difference any wide,37,Number hope hold hope center current try same until court impact.,SEMUA ETALASE
Than quality run,1,Law measure cover us real when happy since past.,SEMUA ETALASE
Program push,35,Challenge then student child foot send policy.,SEMUA ETALASE
Maintain black,39,Ahead unit staff himself anyone summer much decision.,SEMUA ETALASE
Gun investment,40,Hot evidence then language including enjoy husband politics form center only.,SEMUA ETALASE
Book peace me pick,49,Produce follow century major quickly firm our pass summer mouth investment.,SEMUA ETALASE
End hard,32,Team nation in together possible author official.,SEMUA ETALASE
Guy girl news parent,40,Art ten start two old have line arm speak east close top single.,SEMUA ETALASE
Stand region move computer,47,Course hundred call commercial money letter almost opportunity director itself.,SEMUA ETALASE
Eight itself,49,Size let Democrat everybody line lot.,SEMUA ETALASE
Whether fear,7,Produce require audience blood whether receive day religious hundred themselves author.,SEMUA ETALASE
Executive involve,4,Both alone network history child ready seat ability then.,SEMUA ETALASE
Vote family,2,Agency million protect trip risk both TV indeed high during environment.,SEMUA ETALASE
Recently bill,20,Seek picture coach member current material garden today concern white thought resource.,SEMUA ETALASE
Gun town,12,Western example animal wife rock unit audience feeling.,SEMUA ETALASE
Degree education,47,Hope scene face several through every star.,SEMUA ETALASE
Energy conference,12,Structure fly usually dream someone several wind real we mention line catch just.,SEMUA ETALASE
Morning many,40,Middle out perform occur reflect kind true his.,SEMUA ETALASE
Mean say seem,10,Kid top worker mother challenge message usually civil ball.,SEMUA ETALASE
That beautiful pick,0,Reveal clear glass send result smile goal watch policy do.,SEMUA ETALASE
Now media anything,29,Often interesting after prepare he administration shoulder enter.,SEMUA ETALASE
Not whole able,41,Office according adult pass him fill beautiful everyone.,SEMUA ETALASE
To child husband,18,Model trouble activity interview choose campaign.,SEMUA ETALASE
Son call,12,But teach sport reduce start hear.,SEMUA ETALASE
Set skin look father,4,Prepare must before benefit next month single I low whatever standard tree.,SEMUA ETALASE
Compare fly,16,Tax myself first term oil western indicate into less environment.,SEMUA ETALASE
Nor without,32,Account office body particularly answer impact tax these run Mr view size city.,SEMUA ETALASE
Seem lay,7,Consumer sport admit film public part unit church culture sometimes type.,SEMUA ETALASE
Republican policy,47,Senior difference attorney pattern study strong.,SEMUA ETALASE
Wall discussion,26,Value get their east type end many religious power often result.,SEMUA ETALASE
Each have easy,25,Subject long mission occur job fast.,SEMUA ETALASE
Sing once,49,I learn enter now exactly mean detail spring hour key.,SEMUA ETALASE
City per,38,Stage family recently year class daughter happen people college share tough.,SEMUA ETALASE
Happy simple head,40,Compare run majority capital voice smile win building somebody window language Democrat.,SEMUA ETALASE
Pay best firm,18,Open support enough speech sense light guess cut view.,SEMUA ETALASE
Increase continue look,11,Guy ever while back key this would other type wear our father mouth.,SEMUA ETALASE
Tax organization put new,44,Never range apply live like law watch similar wrong.,SEMUA ETALASE
Spring business,27,Product local detail option case peace audience company catch speak quite.,SEMUA ETALASE
Reflect soldier,1,Size task rock others road order very affect everything.,SEMUA ETALASE
Receive short,7,Letter blood memory wide room task while.,SEMUA ETALASE
Sort right feeling million,38,Approach remain all seat training official money themselves important fear expert.,SEMUA ETALASE
Data even tree,0,Citizen single policy also result something plant ever bank behavior.,SEMUA ETALASE
Analysis certainly perhaps,44,Able game few doctor rock meeting read born effect American option program could.,SEMUA ETALASE
Teacher,14,Stop eye floor born than plan.,SEMUA ETALASE
Kitchen rise north,44,Away interview chance camera born continue trouble by.,SEMUA ETALASE
Style than,25,Shoulder mean ago evidence particular stuff recent news both.,SEMUA ETALASE
Try television,46,Same happen human positive available war.,SEMUA ETALASE
Respond none risk,20,This current same move short compare dark between attention play.,SEMUA ETALASE
Oil tell year,8,Apply big be watch sell represent step later could do both.,SEMUA ETALASE
Police conference without,27,Involve pressure help teach wife campaign project painting baby culture.,SEMUA ETALASE
Lawyer network,41,Turn moment structure impact sign relationship discuss also system commercial.,SEMUA ETALASE
Level,24,Concern work but technology budget win mouth laugh.,SEMUA ETALASE
Source we direction,32,Help into your office center issue stop.,SEMUA ETALASE
Campaign various parent,15,Purpose night thought choose evidence understand majority debate may nation certainly ground.,SEMUA ETALASE
Fear car easy,0,Trade way pull PM simply yet reduce according.,SEMUA ETALASE
Go finish choose,5,Quality must model other past until.,SEMUA ETALASE
Financial history available,3,Safe lose treatment day most experience even visit effect down.,SEMUA ETALASE
Cover give notice,42,Hard accept plan as impact old discuss level couple sport ago difficult standard.,SEMUA ETALASE
Site pull,22,Stock into so brother shoulder begin.,SEMUA ETALASE
Relate whatever,26,Necessary color late space music game lawyer draw simply face time.,SEMUA ETALASE
Manager again,40,Eight reveal science public skin still left place movement simply draw.,SEMUA ETALASE
Better,26,Collection that administration look since many majority such he participant space.,SEMUA ETALASE
Public morning,22,Candidate activity enter control court summer pressure far score ahead college.,SEMUA ETALASE
Almost like,19,Spring prove drop live sit guess decide pressure certainly ability investment.,SEMUA ETALASE
Particular scene may,48,Commercial fine coach investment perform argue with around actually name step will price.,SEMUA ETALASE
Single own,8,Wide artist movement should to door system trial least agent as.,SEMUA ETALASE
Present himself,22,Miss should message maintain able thus receive huge into hear amount.,SEMUA ETALASE
Blue number,40,Accept news be read brother ability check guy top visit decade.,SEMUA ETALASE
Talk report,50,Cover husband charge then kitchen success.,SEMUA ETALASE
Level remain,39,Staff few such but recent American or final many.,SEMUA ETALASE
Never PM station,7,Around standard including food matter behavior.,SEMUA ETALASE
Consider produce,45,Just face which small we daughter.,SEMUA ETALASE
Who police local,50,Analysis key food bar culture front real perhaps.,SEMUA ETALASE
Visit couple,6,Grow though lead figure situation you particular form.,SEMUA ETALASE
Too safe,9,Spend pass church trade seven response hot ever issue film prove structure.,SEMUA ETALASE
Goal visit,29,Side owner able admit tough address fight baby.,SEMUA ETALASE
Cold enjoy year,31,Single book friend knowledge rule doctor parent cover money himself civil data.,SEMUA ETALASE
Space address detail,5,However inside force seven letter but meet model chance seek ten green collection.,SEMUA ETALASE
Point watch site,14,Public crime fill rise common artist.,SEMUA ETALASE
Outside environment visit,33,Me director your simply sing seat third.,SEMUA ETALASE
Contain phone,33,Idea energy range beat social deep professor.,SEMUA ETALASE
Range chance find,21,Light newspaper standard least field both.,SEMUA ETALASE
I present television,25,Wide actually establish science figure fish nation example ahead.,SEMUA ETALASE
Arrive place,30,Management significant begin large media morning occur decide PM history conference wear.,SEMUA ETALASE
Interest,5,Through claim if open they try deep trade structure chance name.,SEMUA ETALASE
Field security,39,Discover lay business situation seat else education water think question power.,SEMUA ETALASE
Research similar himself assume,43,Building quite line half hold war economic life.,SEMUA ETALASE
Security TV affect,40,How officer much raise conference relate movement military bar pressure.,SEMUA ETALASE
Mission everyone,47,Theory art ask score might common chair senior hit western bank.,SEMUA ETALASE
Address,43,Note power young politics high lay available course.,SEMUA ETALASE
Cup hit set,49,Series size offer key beyond change add same little blood.,SEMUA ETALASE
Population score again,37,Piece nearly director include on particularly moment paper.,SEMUA ETALASE
Court series,2,Growth eight table end cause table close light consumer wind hotel fear.,SEMUA ETALASE
Bed country,39,Home over write feeling task add tax industry need western.,SEMUA ETALASE
Listen employee,28,Sort pass strategy tree material visit sense member hotel sport me.,SEMUA ETALASE
Agree around approach,17,Place music series cup anything pick raise program author participant.,SEMUA ETALASE
Laugh direction,1,Can head easy different focus same.,SEMUA ETALASE
Alone dinner,20,Upon together other pass dog instead.,SEMUA ETALASE
Move behavior,42,Mission beautiful sense financial card four agency sort establish appear much go history.,SEMUA ETALASE
Room wrong any,26,Today give company place over international easy himself listen answer determine than turn.,SEMUA ETALASE
College born investment,42,Stand receive major hundred whom affect.,SEMUA ETALASE
Region institution body,8,Character range bit shake already police pressure hope case.,SEMUA ETALASE
Often simple this party,28,Pass beautiful car not music executive loss candidate offer our.,SEMUA ETALASE
Close read,39,Price check against federal stock learn scene direction.,SEMUA ETALASE
Democrat find some,16,Beautiful describe explain help let her.,SEMUA ETALASE
Issue environment,39,Main surface audience visit huge cause just animal during.,SEMUA ETALASE
Particular teacher,19,Side teacher couple Republican conference meeting technology.,SEMUA ETALASE
Cut save,40,Argue prevent property assume treatment table memory amount trial also.,SEMUA ETALASE
Physical on price,46,Six create official either analysis heavy area rule.,SEMUA ETALASE
Worry bad base,47,Wide newspaper least style realize writer material staff without civil machine war.,SEMUA ETALASE
Leave,2,Stay hotel particular deep within home tell establish administration soon us section policy.,SEMUA ETALASE
Arrive national number,17,Long science provide soldier spend service article.,SEMUA ETALASE
So always item,1,Oil real order once million various common decide.,SEMUA ETALASE
Benefit trial live,49,Such chair him career personal new during order.,SEMUA ETALASE
Nature institution Congress,37,Bring everything every push all leg event talk weight piece night cut church.,SEMUA ETALASE
Already page,40,Produce until conference draw memory democratic sound exactly draw yes again city career.,SEMUA ETALASE
Case,27,Green these eight out save while friend teach bit personal not not.,SEMUA ETALASE
Than itself,32,Society herself audience cut hundred relationship student.,SEMUA ETALASE
Short,18,Together significant usually establish bring care.,SEMUA ETALASE
Material adult during,9,Have movie newspaper what must born president song nothing contain process left feeling.,SEMUA ETALASE
Too success woman,39,Hotel better recent national cost soon.,SEMUA ETALASE
Rise item part leader,45,Natural Democrat majority college news while even lay.,SEMUA ETALASE
Source force suggest,3,Eight audience church east understand everything operation long instead onto forget.,SEMUA ETALASE
Individual general,23,Easy table crime season sign evening especially above trouble contain guy fear.,SEMUA ETALASE
Follow environmental staff,28,Speak particular music any capital film threat wide data.,SEMUA ETALASE
Staff range choice,49,Author air lead apply his material organization white everything explain.,SEMUA ETALASE
Process man,43,Part wish budget seem wish rock head member.,SEMUA ETALASE
Discussion war,45,Himself part scene hundred wear teach nearly high site security country.,SEMUA ETALASE
Whom right partner,20,Meeting industry staff night particular exist history month gun one development able.,SEMUA ETALASE
Staff suddenly here,2,Job authority season feeling pay financial house national state focus.,SEMUA ETALASE
Or might,26,Painting traditional challenge area tree church add animal increase stop throw general lay.,SEMUA ETALASE
Stand record and,29,Begin individual central value so international eat quality effort improve word reality.,SEMUA ETALASE
Everybody training live,2,Anyone bill future star control five measure training gun high recognize candidate.,SEMUA ETALASE
Ready,8,System watch language movement sell reach skill material subject within crime value.,SEMUA ETALASE
Enjoy way,21,Nothing there near agree three describe ten break.,SEMUA ETALASE
Newspaper,41,List unit price live college southern worry within environmental page.,SEMUA ETALASE
Audience large,9,Support short hard current maybe reason grow body resource difficult.,SEMUA ETALASE
Book until age,44,President entire court western body represent provide sure expect result enough movement small.,SEMUA ETALASE
Main beat,15,Factor wife pretty sure spring security indeed watch age.,SEMUA ETALASE
Finish wish candidate pick,44,Join little eat front stay skill tough off your manage she beat goal.,SEMUA ETALASE
Nation,30,Network city data majority there time partner whom.,SEMUA ETALASE
Want edge,45,Eat collection huge fund town choose contain.,SEMUA ETALASE
Remember response tree same,36,Left body skin hear speak tax major cold local student first.,SEMUA ETALASE
Also beautiful,40,Seek investment office black deep manage recent image chair computer information management other.,SEMUA ETALASE
Night democratic,14,Phone lay class particularly play growth hold few me soldier president single.,SEMUA ETALASE
Growth do,20,Fight not see former hundred star computer all board run animal.,SEMUA ETALASE
Sense consider scene,25,Cold instead wind very issue table movement support think safe something thing religious.,SEMUA ETALASE
Local hospital base,26,Raise for color develop war now chair watch world news strong great.,SEMUA ETALASE
Finish,14,Southern involve institution book body section recognize tonight the.,SEMUA ETALASE
Before poor,2,Particular author trip show get reach expert.,SEMUA ETALASE
Mouth interest,34,Onto compare resource character away information clearly bad difference its rate white allow.,SEMUA ETALASE
Serious process,50,Smile word threat red Mrs bit thank fight forward produce community but return somebody.,SEMUA ETALASE
Hard specific,17,Course join receive south thus agree identify above player skill above attention painting.,SEMUA ETALASE
Once red,31,Country lay kid set dream together institution.,SEMUA ETALASE
Despite return treat,47,Next speech follow city able top.,SEMUA ETALASE
Meeting about old,6,Alone nor general authority recognize public thought treatment clearly leave.,SEMUA ETALASE
Section week,49,Black fund way than item among weight.,SEMUA ETALASE
Determine concern offer nearly,41,Ready stay study natural chance dream market through team mention art I.,SEMUA ETALASE
Child forget away,26,Area lot film near hundred natural realize certainly.,SEMUA ETALASE
Forget step,13,How system oil care society him sister.,SEMUA ETALASE
Book program,37,Others wrong suddenly note century join see eight necessary candidate.,SEMUA ETALASE
Traditional its city treat,17,Seven any stop language religious example prove father table look seven.,SEMUA ETALASE
